24,10,16,29,26,59,12,35,35,33,15,25,31,41,30,28,28,28,14,18,12,35,66,29,37,9,12,8,14,22,39,24,26,12,8,12,11,29,13,22,33,17,7,12,26,8,17,44,22,55,19,14,28,18,47,31,7,11,35,16,24,30,27,5,1
5,74,40,32,50,41,36,5,15,53,33,41,36,36,16,62,66,87,35,107,37,2,65,23,97,114,44,104,50,83,58,52,109,87,34,38,89,96,50,58,42,28,26,27,26,30,54,13,18,39,82,95,49,65,20,8,40,56,93,112,92,45,8,7,1
5,26,11,36,27,31,30,13,38,38,65,125,74,61,90,95,96,127,63,46,27,23,37,108,153,65,13,11,43,28,14,50,62,35,21,76,36,25,9,146,84,73,39,132,16,53,90,56,134,76,44,26,37,97,20,31,29,20,11,11,14,20,24,23,1
4,100,5,4,11,11,5,3,7,7,82,4,16,4,17,8,12,4,7,4,10,10,8,6,11,7,9,6,19,11,8,3,4,7,16,3,23,86,66,40,10,15,2,6,15,15,18,19,5,11,7,13,3,25,7,4,9,8,7,6,16,7,12,7,1
21,7,25,8,82,72,13,8,9,2,11,12,5,11,9,75,5,16,13,7,12,12,7,7,11,17,8,12,11,8,10,125,15,14,8,21,4,29,25,7,12,9,11,21,119,2,2,3,11,14,123,6,8,5,2,5,34,28,5,7,9,4,6,5,1
4,12,3,28,5,10,8,6,5,3,11,17,6,4,4,5,7,4,53,8,7,5,9,7,5,11,20,3,4,2,6,4,10,94,7,7,6,3,4,5,15,22,16,4,5,5,8,12,24,31,19,13,3,7,4,15,35,25,23,47,75,14,19,13,1
11,10,119,20,16,8,7,17,7,11,19,16,6,7,6,11,6,26,39,10,12,17,10,12,16,136,10,14,9,11,8,21,12,52,11,12,11,16,7,14,39,7,12,5,6,9,12,21,164,7,8,13,9,3,7,25,13,11,28,47,117,154,41,15,1
34,3,7,19,4,13,1,10,14,10,6,10,13,9,6,7,129,4,7,11,12,6,3,4,37,13,9,28,9,4,3,4,27,16,15,31,12,3,2,6,38,11,21,32,8,10,4,4,209,14,22,53,13,3,6,3,5,58,93,33,27,27,28,10,1
11,51,80,134,118,58,9,7,14,53,68,95,63,49,63,16,22,37,93,163,127,48,47,40,22,11,7,14,32,82,109,49,9,9,24,20,9,4,12,21,6,9,5,11,12,11,35,37,7,10,9,4,11,72,52,11,11,11,9,36,18,35,15,2,1
13,25,25,28,25,37,20,13,44,59,44,13,53,27,38,44,44,27,10,19,68,22,67,27,14,16,8,30,16,31,39,32,31,20,8,14,19,14,35,58,51,30,24,17,16,28,54,43,30,70,49,24,32,86,77,18,12,27,43,35,42,57,21,7,1
14,13,9,58,46,67,13,10,10,19,30,48,72,61,70,54,60,81,97,154,71,85,57,32,37,10,4,32,104,48,43,32,52,19,8,7,14,37,51,16,39,50,12,17,34,44,15,11,13,23,58,30,22,38,57,15,6,10,39,24,15,40,31,15,1
33,8,35,25,21,21,71,5,76,13,6,21,38,21,15,72,105,9,14,12,5,21,37,76,86,11,13,8,10,14,16,34,48,22,16,12,23,17,17,23,31,22,3,11,7,12,21,35,75,15,30,16,12,5,25,93,35,78,101,91,42,42,78,64,1
46,24,23,25,18,23,46,36,79,151,68,65,76,51,26,34,28,30,16,12,36,21,109,33,5,9,44,33,12,20,65,30,12,19,14,9,14,30,48,24,9,14,28,11,12,21,82,28,8,12,6,4,21,24,105,45,5,6,12,36,5,45,57,97,1
46,21,17,124,12,18,37,11,7,23,16,25,12,12,18,24,20,18,67,33,25,11,20,26,50,19,8,111,29,23,40,36,11,31,16,34,39,14,15,8,5,29,26,7,114,25,7,13,11,27,14,13,15,37,4,7,117,29,21,66,61,67,113,56,1
84,24,21,115,20,16,33,38,45,65,48,45,150,29,48,49,52,56,36,37,103,101,9,14,16,27,17,23,22,183,44,23,19,19,24,39,35,28,165,41,34,13,35,17,24,43,49,47,25,15,11,23,33,52,46,120,55,45,44,14,11,5,24,42,1
7,111,43,34,15,6,15,26,37,84,109,67,42,68,26,45,37,73,32,30,5,26,73,46,33,56,31,32,15,8,18,44,34,18,14,16,26,10,23,27,26,34,68,66,25,29,14,29,122,55,21,29,59,23,5,17,104,9,8,12,9,47,5,12,1
53,17,39,36,60,58,68,46,47,12,10,17,27,45,58,54,38,15,23,21,19,16,64,90,44,22,31,11,4,14,21,104,28,15,11,46,25,13,37,106,32,65,98,142,88,33,11,20,67,115,24,22,25,17,13,23,34,16,17,12,11,9,11,18,1
42,47,91,52,85,63,33,20,35,193,99,39,67,109,51,38,134,81,20,21,36,45,69,27,85,22,39,21,35,47,18,14,69,9,19,30,39,26,27,43,100,13,25,42,37,52,32,69,126,45,35,53,30,27,12,114,106,25,23,28,12,26,7,113,1
0,2,4,8,10,10,4,0,0,2,4,8,10,10,4,0,0,2,4,8,10,10,4,0,0,2,4,8,10,10,4,0,0,2,4,8,10,10,4,0,0,2,4,8,10,10,4,0,0,2,4,8,10,10,4,0,0,2,4,8,10,10,4,0,0
0,0,0,0,0,0,0,0,0,0,0,0,0,0,0,0,0,0,0,0,0,0,0,0,0,0,0,0,0,0,0,0,0,0,0,0,0,0,0,0,0,0,0,0,0,0,0,0,0,0,0,0,0,0,0,0,0,0,0,0,0,0,0,0,0
0,6,14,19,18,12,5,0,5,11,19,26,27,23,15,10,12,18,26,36,39,37,29,23,18,22,27,36,40,39,31,26,21,23,26,34,38,38,31,25,18,20,22,28,32,33,27,22,8,9,12,17,20,20,14,10,0,2,4,9,11,11,5,0,0
0,0,0,0,0,0,0,0,0,0,0,0,0,0,0,0,0,0,0,0,0,0,0,0,0,0,0,0,0,0,0,0,0,0,0,0,0,0,0,0,0,0,0,0,0,0,0,0,0,0,0,0,0,0,0,0,0,0,0,0,0,0,0,0,0
22,41,84,105,87,51,23,12,36,78,64,94,135,132,91,39,49,85,63,79,111,119,100,50,25,59,39,64,98,99,73,26,5,15,16,32,55,66,55,10,18,39,30,42,62,68,59,22,28,24,24,39,62,77,65,20,112,170,165,107,57,43,40,1,0
0,7,11,10,10,11,7,0,0,7,11,10,10,11,7,0,0,7,11,10,10,11,7,0,0,7,11,10,10,11,7,0,0,7,11,10,10,11,7,0,0,7,11,10,10,11,7,0,0,7,11,10,10,11,7,0,0,7,11,10,10,11,7,0,0
0,4,4,2,6,14,11,0,17,20,21,18,20,23,16,2,39,42,43,40,39,35,23,5,45,48,49,48,51,48,34,15,46,50,51,51,56,55,42,22,41,46,48,46,53,56,45,26,18,27,34,34,39,41,31,11,0,14,23,25,29,30,19,0,0
17,9,16,5,5,3,3,5,38,34,48,30,20,8,23,38,34,49,48,52,41,26,22,15,24,51,40,51,54,54,60,32,28,48,43,43,49,74,78,49,39,51,40,28,31,58,83,52,28,47,28,12,4,25,62,50,2,10,10,10,4,11,22,5,0
8,20,12,2,1,7,8,1,43,36,70,63,37,21,9,6,88,56,40,75,77,59,28,12,78,79,63,53,63,82,64,39,35,54,85,59,56,54,79,77,7,19,55,65,79,31,51,92,8,37,17,15,73,68,8,60,6,2,0,8,3,12,6,2,0
3,8,12,13,25,6,12,8,3,8,12,13,25,5,11,8,3,8,12,13,25,5,11,8,3,8,12,13,25,6,12,8,3,8,12,13,25,6,12,8,3,8,12,13,25,5,11,8,3,8,12,13,25,5,11,8,3,8,12,13,25,6,12,8,0
10,85,15,36,26,42,61,32,36,76,7,47,21,33,80,77,100,38,16,33,49,120,135,42,60,93,91,102,58,110,40,44,14,14,24,25,56,188,17,27,39,47,46,51,79,58,93,142,45,50,53,84,51,18,57,71,36,45,54,36,22,18,10,81,0
8,14,17,14,6,2,1,1,36,49,51,39,17,9,7,7,36,62,77,71,44,27,17,13,17,45,73,91,81,55,29,10,12,26,42,59,76,71,53,32,6,16,27,37,52,56,46,27,16,23,31,37,43,43,34,19,4,10,18,26,30,27,17,4,0
6,15,21,38,48,42,29,7,14,32,60,85,87,71,47,27,22,82,114,108,84,54,30,21,66,131,124,85,50,25,16,6,82,123,82,37,13,10,16,7,31,61,27,10,23,31,23,11,32,63,38,33,52,49,40,30,14,46,26,21,36,26,20,11,0
0,11,33,41,35,24,8,0,0,11,33,41,35,24,8,0,0,11,33,41,35,24,8,0,0,11,33,41,35,24,8,0,0,11,33,41,35,24,8,0,0,11,33,41,35,24,8,0,0,11,33,41,35,24,8,0,0,11,33,41,35,24,8,0,0
1,9,9,19,24,17,7,0,5,12,10,19,25,19,10,4,29,29,17,17,29,29,25,22,54,46,25,14,33,39,39,40,54,46,25,11,31,37,38,40,29,29,19,8,21,23,21,21,5,12,13,4,12,9,4,3,1,9,12,4,11,7,1,0,0
0,1,4,7,10,8,3,0,6,9,15,21,26,25,20,17,19,24,32,38,40,38,30,26,40,43,50,50,45,39,30,26,42,43,44,41,34,27,20,16,25,25,24,22,21,17,11,7,14,14,14,15,19,18,12,9,0,0,0,2,7,7,2,0,0
1,10,12,10,17,19,13,3,4,12,12,10,18,21,15,6,24,23,16,10,23,29,30,28,44,34,19,10,28,37,45,49,44,33,17,9,27,35,43,49,25,20,10,5,19,23,24,26,5,7,2,2,12,11,5,4,2,5,0,2,11,9,1,1,0
15,4,14,14,25,4,4,0,45,50,36,16,59,39,24,6,82,107,66,22,98,83,51,14,74,88,84,71,43,69,70,29,60,60,81,94,39,50,66,38,39,24,55,91,87,26,40,41,24,20,24,41,47,13,18,25,14,20,1,2,11,5,3,12,0
0,6,18,23,21,15,5,0,0,6,18,23,21,15,5,0,0,6,18,23,21,15,5,0,0,6,18,23,21,15,5,0,0,6,18,23,21,15,5,0,0,6,18,23,21,15,5,0,0,6,18,23,21,15,5,0,0,6,18,23,21,15,5,0,0
0,5,15,20,19,14,5,0,3,8,18,23,22,17,7,3,8,13,23,28,27,21,11,6,18,24,36,41,38,30,14,7,23,30,44,50,48,38,20,10,24,32,48,56,57,47,27,16,11,19,35,45,47,38,18,7,0,8,25,36,39,31,10,0,0
1,9,5,2,9,14,14,2,1,9,5,2,9,14,14,2,1,9,5,2,9,14,14,2,1,9,5,2,9,14,14,2,1,9,5,2,9,14,14,2,1,9,5,2,9,14,14,2,1,9,5,2,9,14,14,2,1,9,5,2,9,14,14,2,0
22,31,123,133,5,7,17,26,79,115,8,21,8,3,66,26,25,2,1,3,70,7,21,27,95,47,74,10,130,82,24,44,4,23,43,17,105,68,91,16,45,32,2,2,52,35,72,32,14,23,0,2,110,27,45,42,13,33,2,12,82,40,115,24,0
10,15,10,1,1,5,9,1,17,29,32,20,19,15,11,6,32,58,76,57,53,34,14,16,37,58,87,73,74,55,30,27,30,30,65,67,81,78,56,41,22,15,40,49,64,71,55,39,12,14,14,20,25,35,24,21,7,13,0,5,5,17,9,12,0
7,13,5,6,2,12,14,9,15,26,22,25,21,22,12,18,31,52,56,65,59,42,8,34,34,51,64,79,79,61,23,43,25,24,47,67,82,77,56,44,16,10,31,47,63,66,57,35,7,10,16,20,23,29,27,17,3,10,9,6,3,10,12,7,0
0,7,24,9,32,56,10,15,4,16,39,17,40,56,11,27,16,23,48,26,48,52,15,31,31,25,44,30,51,45,22,22,21,15,25,16,35,38,32,8,18,28,24,15,36,43,42,5,12,28,19,13,32,39,43,3,4,14,10,7,20,25,38,0,0
2,27,19,8,6,7,8,0,7,32,23,12,9,11,15,8,10,37,28,15,9,10,13,5,9,39,30,17,11,10,10,4,6,35,30,18,14,14,11,8,3,31,30,22,19,19,15,13,2,28,31,27,22,19,18,14,1,22,23,22,21,19,12,1,0
6,6,6,4,0,9,6,4,15,18,21,20,14,15,6,8,34,41,52,52,41,26,5,15,36,44,61,67,60,43,19,25,22,27,48,66,71,64,48,37,11,17,33,51,58,58,50,34,5,14,17,22,23,24,23,15,1,12,9,7,5,7,10,5,0
0,1,2,8,5,5,14,3,3,4,4,9,5,5,15,5,18,17,13,11,6,11,25,19,33,31,23,13,6,16,35,33,33,32,24,12,6,16,33,33,18,21,17,7,5,11,21,18,4,9,10,3,4,5,8,4,1,7,9,2,3,4,6,2,0
0,4,7,10,2,11,21,1,0,4,7,10,3,11,21,1,0,4,7,10,2,11,21,1,0,4,7,10,2,11,21,1,0,4,7,10,2,11,21,1,0,4,7,10,2,11,21,1,0,4,7,10,3,11,21,1,0,4,7,10,2,11,21,1,0
0,1,1,6,8,12,17,1,0,2,1,6,8,12,17,1,0,2,1,6,8,12,17,1,0,2,1,6,8,12,17,1,0,2,1,6,8,12,17,1,0,2,1,6,8,12,17,1,0,2,1,6,8,12,17,1,0,1,1,6,8,12,17,1,0
2,15,9,13,6,2,3,0,2,16,9,13,15,14,19,20,3,14,6,7,11,11,14,14,3,12,4,5,6,7,5,5,4,13,5,3,4,6,4,1,5,14,6,2,4,6,7,1,4,15,7,4,5,5,6,2,2,13,5,2,3,5,5,1,0
6,11,22,26,24,18,7,2,27,34,48,52,44,32,14,5,11,22,45,55,52,40,17,6,2,12,33,44,45,36,16,7,8,16,33,41,40,29,10,0,4,10,21,29,35,31,17,11,7,9,14,18,22,19,9,4,3,4,6,9,14,12,4,0,0
9,47,13,2,5,6,6,4,33,18,49,23,5,6,3,10,25,23,34,40,8,7,6,8,9,25,30,33,58,8,7,8,22,16,12,6,18,6,14,3,28,21,24,3,16,19,13,8,27,39,36,63,38,81,66,38,26,14,7,17,44,78,21,63,0
2,9,27,101,114,30,93,38,9,27,94,164,108,28,91,60,21,68,159,132,39,8,45,19,35,118,147,64,8,9,47,21,51,134,84,19,4,23,83,49,68,105,30,5,17,72,133,66,29,52,22,38,88,145,123,37,27,51,26,63,101,92,41,8,0
3,9,13,62,103,53,91,36,6,17,61,150,135,50,115,71,15,50,141,152,60,14,58,31,35,111,163,82,12,7,43,15,42,134,98,22,3,16,70,40,72,114,34,4,12,61,128,68,28,50,17,30,76,141,128,41,28,53,30,65,105,97,42,7,0
5,27,46,43,36,26,14,2,19,45,73,74,63,45,24,4,17,38,68,76,71,61,39,12,15,28,51,66,67,66,50,18,9,21,36,54,59,60,55,22,3,21,32,37,48,48,51,24,4,21,30,32,38,38,41,18,3,22,29,29,36,34,30,6,0
5,16,4,2,4,4,3,3,20,34,23,18,20,20,16,7,50,69,60,48,52,51,42,15,68,88,81,65,68,65,57,20,74,90,88,68,69,64,61,23,58,70,71,53,52,48,55,24,21,28,31,20,18,17,39,26,3,7,11,3,1,1,31,27,0
0,6,14,18,17,10,4,0,0,6,14,18,17,11,4,0,0,6,14,18,17,11,4,0,0,6,14,18,17,10,4,0,0,6,14,18,17,10,4,0,0,6,14,18,17,11,4,0,0,6,14,18,17,11,4,0,0,6,14,18,17,10,4,0,0
19,36,32,57,69,52,19,15,29,44,41,47,59,72,73,41,56,82,49,21,19,49,56,39,22,55,68,59,18,30,54,28,9,30,43,48,40,9,67,53,16,32,28,43,39,18,42,96,29,37,33,45,37,18,20,90,16,55,82,91,50,49,87,134,0
7,60,49,32,22,19,54,8,15,70,56,38,23,21,60,15,31,90,70,49,26,25,73,28,35,92,69,54,31,40,86,38,26,75,53,54,37,67,98,46,19,64,40,47,31,69,90,39,12,57,29,33,14,47,63,17,8,53,24,27,5,36,49,6,0
17,20,6,16,29,56,19,60,29,49,9,17,49,76,22,74,36,58,17,16,64,82,41,93,33,42,30,16,70,74,74,106,11,29,56,43,70,90,95,84,27,36,58,49,66,60,67,47,27,28,43,34,45,28,30,18,8,5,20,8,13,7,2,3,0
0,20,29,22,18,32,25,0,3,23,31,23,21,37,31,6,8,28,35,25,27,46,43,18,15,36,41,29,38,60,56,30,25,46,49,35,55,77,71,41,23,45,48,33,58,79,68,35,8,33,37,22,47,64,48,12,0,27,32,16,42,56,39,0,0
0,29,41,39,33,23,9,0,4,31,40,41,41,37,28,21,13,36,38,44,56,65,65,64,15,33,35,47,66,82,87,88,12,21,29,50,73,87,94,93,8,13,23,44,61,70,74,72,3,7,15,27,33,31,28,24,0,4,11,19,18,11,6,0,0
0,38,83,40,31,58,27,0,9,47,95,74,82,117,86,59,21,46,79,98,114,129,100,77,38,62,95,111,112,97,74,56,48,77,113,94,78,63,44,30,40,67,97,60,51,68,46,28,17,37,62,47,61,103,69,38,0,20,46,42,53,78,35,0,0
0,2,14,27,27,14,2,0,1,2,15,27,27,15,2,0,4,6,17,29,28,16,3,1,7,9,19,30,29,17,4,2,7,9,19,29,28,16,4,2,4,5,16,26,25,14,3,1,1,2,12,22,22,12,2,0,0,2,12,22,22,12,2,0,0
5,74,117,108,40,36,28,8,28,96,137,124,55,48,36,11,33,98,130,104,28,57,63,32,45,101,115,79,56,94,87,35,35,68,63,32,94,121,91,26,17,31,38,45,105,110,72,14,2,9,34,75,112,100,60,12,8,8,29,68,93,75,39,2,0
0,8,23,24,11,3,1,0,12,19,32,32,18,9,4,2,37,41,50,47,34,22,11,6,43,44,48,47,41,31,18,11,30,29,27,31,40,38,24,18,17,16,14,22,40,40,24,16,6,7,9,20,39,38,16,5,0,2,6,18,39,37,12,0,0
2,4,16,17,16,15,6,4,2,22,46,56,105,70,34,3,18,58,88,74,101,42,26,33,37,84,80,33,67,90,52,24,40,47,49,78,111,77,12,50,19,56,97,83,80,42,102,114,25,73,56,33,36,69,131,100,3,21,1,8,4,79,64,16,0
0,6,15,9,7,9,4,0,2,8,17,11,9,11,7,2,16,22,30,26,25,27,19,10,30,35,43,40,41,43,31,17,30,35,42,40,40,43,32,17,17,22,28,24,25,29,22,10,3,9,14,9,9,14,13,2,0,7,12,6,6,12,11,1,0
4,13,19,27,29,8,23,1,4,13,19,27,29,8,23,1,4,13,19,27,29,8,23,1,4,13,19,27,29,8,23,1,4,13,19,27,29,8,23,1,4,13,19,27,29,8,23,1,4,13,19,27,29,8,23,1,4,13,19,27,29,8,23,1,0
4,18,1,9,18,11,2,0,6,20,3,10,21,17,9,7,8,23,8,13,26,29,24,21,11,27,15,18,31,38,36,32,15,31,24,25,34,44,45,39,13,28,24,23,27,36,38,32,6,16,13,11,11,13,15,12,2,10,7,6,2,2,3,1,0
0,4,13,16,13,9,3,0,0,4,13,16,13,9,3,0,0,4,13,16,13,9,3,0,0,4,13,16,13,9,3,0,0,4,13,16,13,9,3,0,0,4,13,16,13,9,3,0,0,4,13,16,13,9,3,0,0,4,13,16,13,9,3,0,0
1,7,16,17,25,39,19,3,20,31,45,44,55,76,62,49,14,26,41,32,35,50,45,39,8,20,34,28,21,15,13,12,9,20,33,29,22,10,8,8,3,15,30,26,19,8,6,5,4,18,36,31,23,12,10,9,0,15,33,26,17,4,1,1,0
1,18,40,24,30,56,38,3,19,36,54,40,49,96,91,42,33,47,50,46,45,101,124,71,37,45,28,40,24,64,118,76,34,35,16,40,53,38,64,48,27,28,23,29,43,37,41,20,14,18,24,17,28,28,23,4,0,7,16,8,17,9,8,1,0
25,13,16,30,32,13,56,23,47,13,88,60,41,42,87,39,23,9,139,95,35,46,41,47,7,9,88,83,42,29,50,41,18,35,50,51,42,25,50,26,38,69,76,61,46,24,20,11,35,49,46,26,14,29,38,29,17,7,12,3,5,13,6,6,0
5,10,4,3,7,13,24,27,2,15,9,7,4,12,43,15,5,9,8,11,11,42,21,17,14,7,11,6,52,23,18,5,9,6,12,35,9,23,4,10,1,6,41,25,29,11,16,14,0,28,27,23,1,2,5,4,16,22,23,6,9,12,7,7,0
1,17,33,20,9,6,6,0,6,23,41,30,20,15,9,5,16,35,57,51,43,34,15,15,23,43,66,59,51,44,22,18,28,47,67,54,44,46,29,13,23,42,60,46,35,45,34,8,8,27,46,33,24,41,35,4,1,19,38,26,19,39,36,2,0
5,33,33,19,9,24,32,4,74,117,121,95,71,65,43,7,116,148,127,88,71,54,23,9,97,109,72,47,45,35,24,17,66,70,39,26,35,42,45,33,72,80,57,38,45,64,64,45,88,100,74,49,51,67,64,39,7,37,31,12,16,38,34,4,0
4,2,1,11,12,8,12,0,5,3,7,26,28,20,20,5,7,4,17,46,49,35,31,11,9,16,37,56,51,32,27,10,13,28,48,55,44,28,24,13,17,40,52,41,29,22,23,22,13,27,32,24,17,12,14,17,9,16,17,11,9,6,7,12,0
0,0,0,0,0,0,0,0,0,0,0,0,0,0,0,0,0,0,0,0,0,0,0,0,0,0,0,0,0,0,0,0,0,0,0,0,0,0,0,0,0,0,0,0,0,0,0,0,0,0,0,0,0,0,0,0,0,0,0,0,0,0,0,0,0
0,0,0,0,0,0,0,0,22,22,22,22,22,22,22,22,6,6,6,6,6,6,6,6,8,8,8,8,8,8,8,8,12,12,12,12,12,12,12,12,12,12,12,12,12,12,12,12,5,5,5,5,5,5,5,5,0,0,0,0,0,0,0,0,0
25,55,93,81,71,63,50,41,27,44,63,31,24,42,26,11,14,14,15,28,38,45,22,3,14,15,17,28,35,39,20,6,9,22,38,19,21,44,27,12,3,29,62,55,43,26,19,14,10,34,64,61,46,19,16,16,5,24,50,67,67,52,31,16,0
3,21,9,1,6,3,1,0,5,23,11,3,8,5,2,2,16,34,23,16,21,16,12,11,27,45,34,28,33,27,21,21,27,45,34,29,34,28,21,21,16,34,22,16,22,18,12,11,5,23,10,4,11,9,3,2,3,21,8,2,9,7,2,0,0
0,2,4,5,6,5,2,0,2,4,7,8,8,6,4,2,11,16,21,21,18,16,13,11,20,28,35,34,29,25,23,20,20,30,36,34,28,24,23,20,11,20,24,21,16,14,14,11,2,11,12,8,3,4,5,2,0,10,11,5,1,2,3,0,0
0,13,40,53,51,37,12,0,3,15,39,52,52,40,16,4,6,17,39,50,51,40,16,4,8,19,41,53,57,46,22,10,12,24,47,61,65,55,30,17,16,28,52,66,69,58,31,18,13,25,49,62,64,52,25,12,0,12,36,49,51,39,13,0,0
0,0,0,0,0,0,0,0,0,0,0,0,0,0,0,0,0,0,0,0,0,0,0,0,0,0,0,0,0,0,0,0,0,0,0,0,0,0,0,0,0,0,0,0,0,0,0,0,0,0,0,0,0,0,0,0,0,0,0,0,0,0,0,0,0
0,55,48,24,14,6,4,0,11,66,61,30,15,5,5,2,19,64,66,40,20,8,5,3,26,49,60,50,31,16,7,3,60,57,39,47,46,35,18,6,61,63,35,25,46,47,31,13,36,51,32,12,32,43,32,10,0,26,28,11,13,27,22,0,0
0,12,37,49,47,34,11,0,0,12,37,49,47,34,11,0,0,12,37,49,47,34,11,0,0,12,37,49,47,34,11,0,0,12,37,49,47,34,11,0,0,12,37,49,47,34,11,0,0,12,37,49,47,34,11,0,0,12,37,49,47,34,11,0,0
3,2,9,2,11,10,20,5,8,12,47,29,47,43,66,26,4,38,50,32,41,70,37,10,15,66,42,47,81,45,7,3,52,38,86,56,42,12,5,5,61,56,73,27,12,5,6,4,26,80,25,15,3,3,5,4,2,20,2,4,1,1,3,2,0
3,18,8,3,2,8,3,8,52,68,17,3,5,45,37,21,34,54,34,8,13,66,24,72,5,22,69,11,37,25,47,73,5,4,79,11,76,68,74,27,12,13,57,29,52,102,36,5,15,9,30,45,19,52,10,2,10,1,6,11,17,0,3,1,0
0,2,6,3,3,2,6,3,0,2,6,3,3,2,6,3,0,2,6,3,3,2,6,3,0,2,6,3,3,2,6,3,0,2,6,3,3,2,6,3,0,2,6,3,3,2,6,3,0,2,6,3,3,2,6,3,0,2,6,3,3,2,6,3,0
45,39,34,55,81,39,20,9,96,51,45,61,92,43,31,12,59,36,44,109,106,60,43,21,87,121,96,78,60,32,17,8,140,126,128,95,59,28,10,8,107,88,89,84,64,35,38,21,19,18,29,44,74,67,28,24,4,4,6,8,28,39,34,16,0
6,51,36,19,51,67,36,3,9,54,39,22,53,70,39,4,27,73,56,38,68,89,56,15,46,92,72,53,84,108,73,26,46,92,71,53,82,108,75,26,28,74,52,38,63,90,63,16,9,55,33,23,45,72,51,6,6,52,30,20,42,69,49,4,0
0,1,4,7,10,9,3,0,0,1,4,7,10,9,3,0,0,1,4,7,10,9,3,0,0,1,4,7,10,9,3,0,0,1,4,7,10,9,3,0,0,1,4,7,10,9,3,0,0,1,4,7,10,9,3,0,0,1,4,7,10,9,3,0,0
0,1,9,16,16,9,1,0,0,1,9,16,16,9,1,0,0,1,9,16,16,9,1,0,0,1,9,16,16,9,1,0,0,1,9,16,16,9,1,0,0,1,9,16,16,9,1,0,0,1,9,16,16,9,1,0,0,1,9,16,16,9,1,0,0
0,5,5,19,25,8,13,1,0,5,5,19,24,8,13,1,0,5,5,19,25,8,13,1,0,5,5,19,25,8,13,1,0,5,5,19,25,8,13,1,0,5,5,19,25,8,13,1,0,5,5,19,24,8,13,1,0,5,5,19,25,8,13,1,0
0,0,0,1,1,0,0,0,2,2,2,3,3,2,2,2,13,13,13,14,14,13,13,13,24,24,25,25,25,25,24,24,24,24,25,25,25,25,24,24,13,13,13,14,14,13,13,13,2,2,2,3,3,2,2,2,0,0,0,1,1,0,0,0,0
0,0,0,0,0,0,0,0,1,1,1,2,2,2,2,2,10,10,10,11,11,11,11,11,18,18,19,20,20,20,20,20,18,18,19,20,21,20,20,20,10,10,11,12,12,11,11,11,1,1,2,4,4,3,2,2,0,0,1,2,2,1,0,0,0
3,12,7,5,4,2,11,24,30,43,45,12,15,12,30,31,21,33,47,44,19,8,25,28,10,18,29,50,39,18,10,24,13,17,22,27,60,49,19,26,21,22,22,21,50,72,51,31,16,16,19,26,30,44,67,20,5,3,7,3,4,4,13,12,0
0,4,12,12,1,1,2,0,1,5,14,13,3,2,3,1,6,14,24,20,10,10,10,8,12,23,34,27,17,17,17,15,12,25,34,26,17,17,17,15,7,18,24,18,10,9,9,8,2,12,14,9,3,1,1,1,1,11,12,7,2,0,0,0,0
4,12,17,0,5,10,10,1,4,12,17,0,5,10,10,0,4,12,17,0,5,10,10,1,4,12,17,0,5,10,10,1,4,12,17,0,5,10,10,1,4,12,17,0,5,10,10,1,4,12,17,0,5,10,10,0,4,12,17,0,5,10,10,1,0
4,6,9,2,1,4,11,0,4,6,9,2,1,5,11,1,4,6,9,2,1,5,11,1,4,6,9,2,1,4,11,0,4,6,9,2,1,4,11,0,4,6,9,2,1,5,11,1,4,6,9,2,1,5,11,1,4,6,9,2,1,4,11,0,0
7,17,16,36,30,39,46,14,13,32,34,55,54,75,70,30,15,53,35,82,111,93,46,13,30,53,69,149,113,48,13,3,17,28,129,127,54,12,7,4,6,46,111,65,27,9,7,6,6,41,89,63,42,22,15,8,5,29,76,49,29,15,10,4,0
0,4,11,19,28,24,8,0,1,4,12,20,28,24,8,0,4,8,15,23,30,26,9,0,7,11,18,26,32,27,10,1,7,11,19,26,33,28,10,1,4,8,17,25,33,27,9,0,1,5,15,23,32,27,9,0,0,5,14,23,32,27,9,0,0
0,0,0,0,0,0,0,0,0,0,0,0,0,0,0,0,0,0,0,0,0,0,0,0,0,0,0,0,0,0,0,0,0,0,0,0,0,0,0,0,0,0,0,0,0,0,0,0,0,0,0,0,0,0,0,0,0,0,0,0,0,0,0,0,0
0,0,0,0,0,0,0,0,0,0,0,0,0,0,0,0,0,0,0,0,0,0,0,0,0,0,0,0,0,0,0,0,0,0,0,0,0,0,0,0,0,0,0,0,0,0,0,0,0,0,0,0,0,0,0,0,0,0,0,0,0,0,0,0,0
0,0,0,0,0,0,0,0,0,0,0,0,0,0,0,0,0,0,0,0,0,0,0,0,0,0,0,0,0,0,0,0,0,0,0,0,0,0,0,0,0,0,0,0,0,0,0,0,0,0,0,0,0,0,0,0,0,0,0,0,0,0,0,0,0
3,15,23,29,15,3,4,0,5,15,25,39,37,14,7,3,5,13,15,22,52,44,13,7,5,14,20,20,38,69,37,4,1,8,16,15,15,59,58,12,7,10,12,10,12,47,73,33,4,5,6,8,10,29,58,33,0,3,3,2,2,15,31,9,0
0,9,12,9,1,2,2,0,0,9,12,9,1,2,2,0,0,9,12,9,1,2,2,0,0,9,12,9,1,2,2,0,0,9,12,9,1,2,2,0,0,9,12,9,1,2,2,0,0,9,12,9,1,2,2,0,0,9,12,9,1,2,2,0,0
0,35,60,64,42,17,2,0,9,41,63,64,43,19,7,6,26,53,69,64,43,24,16,17,33,54,65,59,46,33,28,29,30,44,51,51,52,47,43,42,22,31,37,38,43,41,38,37,7,17,22,21,20,16,13,12,0,9,14,12,8,4,1,0,0
10,18,8,23,7,18,15,32,42,39,42,14,8,16,14,57,2,12,11,16,21,19,93,77,8,6,17,20,18,23,31,85,4,10,26,24,16,151,11,108,19,20,18,16,117,28,6,126,9,11,30,113,19,18,25,118,32,112,17,29,10,17,16,123,0
0,0,0,0,0,0,0,0,0,0,0,0,0,0,0,0,0,0,0,0,0,0,0,0,0,0,0,0,0,0,0,0,0,0,0,0,0,0,0,0,0,0,0,0,0,0,0,0,0,0,0,0,0,0,0,0,0,0,0,0,0,0,0,0,0
0,13,29,17,21,43,19,0,4,20,40,28,35,61,39,21,8,24,44,28,33,59,39,21,10,22,36,20,22,43,24,8,12,16,24,45,62,74,56,41,12,23,40,66,78,75,60,49,8,27,54,69,68,51,39,31,0,26,59,56,41,15,5,0,0
9,4,4,8,4,4,2,9,3,11,11,5,3,5,8,8,12,7,4,10,3,7,7,9,12,13,3,10,8,5,5,15,43,3,6,7,7,7,7,12,60,5,9,6,14,3,9,16,26,19,32,34,44,57,21,47,16,29,62,68,41,11,8,4,0
0,18,53,67,60,42,14,0,16,33,67,78,67,47,19,5,30,44,72,76,56,35,12,1,38,47,65,60,31,16,13,11,28,30,33,35,35,35,34,34,8,11,17,37,70,79,62,53,4,18,45,69,90,86,56,41,0,14,41,58,67,53,18,0,0
0,4,27,51,51,27,4,0,11,14,35,55,54,30,6,3,32,34,49,63,59,35,11,8,46,47,55,63,57,37,16,13,52,52,54,56,49,35,20,18,41,41,40,40,35,26,17,16,14,14,15,15,14,10,6,5,0,0,2,3,3,2,0,0,0
0,16,37,35,29,19,8,0,2,16,35,37,36,30,22,16,6,17,32,42,49,52,49,47,10,18,31,45,57,64,65,65,15,21,31,47,59,67,68,68,13,18,27,39,48,53,53,53,4,10,18,23,24,23,20,18,0,6,13,14,12,7,3,0,0
0,1,6,10,10,6,1,0,2,2,8,14,14,10,5,4,7,9,17,25,26,20,13,12,14,16,25,35,35,27,18,17,19,20,29,37,37,27,18,16,19,20,26,32,31,22,13,12,14,14,18,22,21,14,7,7,0,1,4,8,8,4,1,0,0
8,132,58,28,16,14,13,26,69,18,17,12,13,9,18,19,33,7,2,5,7,12,7,13,7,7,4,5,3,13,7,5,12,15,9,9,3,4,2,8,7,9,7,7,6,7,12,4,3,11,1,7,4,4,8,4,14,6,7,7,8,5,8,14,0
2,12,12,10,4,18,13,3,2,12,12,10,4,18,13,3,2,12,12,10,4,18,13,3,2,12,12,10,4,18,13,3,2,12,12,10,4,18,13,3,2,12,12,10,4,18,13,3,2,12,12,10,4,18,13,3,2,12,12,10,4,18,13,3,0
6,2,4,12,8,13,13,5,6,2,5,12,8,13,13,5,6,2,5,12,8,13,13,5,6,2,4,12,8,13,13,5,6,2,4,12,8,13,13,5,6,2,5,12,8,13,13,5,6,2,5,12,8,13,13,5,6,2,4,12,8,13,13,5,0
0,2,15,27,27,15,2,0,0,2,15,28,28,15,2,0,2,4,17,30,30,17,5,3,4,6,19,32,32,20,7,5,4,6,19,32,33,20,7,5,2,4,17,30,30,18,5,3,0,2,16,29,29,16,3,0,0,2,15,28,28,15,2,0,0
8,40,113,147,115,5,38,1,18,87,173,171,58,27,32,3,26,135,162,77,21,56,50,31,44,170,128,21,43,36,23,1,57,119,32,53,50,37,29,12,37,32,36,45,32,26,17,4,33,63,56,40,27,18,16,9,12,20,24,22,17,17,12,1,0
2,27,22,10,25,7,7,10,8,29,20,5,13,7,11,9,15,82,44,10,6,5,2,4,51,128,91,20,3,12,8,7,18,125,74,26,9,21,21,13,17,19,60,34,52,23,26,18,28,29,81,68,50,50,37,28,35,68,55,96,71,60,50,39,0
3,4,2,5,10,14,63,80,5,5,5,3,11,59,81,3,5,6,19,14,26,71,4,7,16,9,7,15,42,6,6,11,13,6,10,31,5,6,17,20,6,36,26,4,15,16,17,24,43,71,5,16,17,14,10,13,68,6,17,12,12,6,34,33,0
11,17,22,17,16,37,37,17,3,13,17,8,37,37,49,25,3,4,13,37,30,52,67,27,7,13,36,50,52,77,45,13,8,34,47,38,78,58,30,11,27,57,40,95,65,30,9,4,40,19,77,74,38,14,15,10,28,63,67,51,25,11,12,6,0
3,3,3,3,3,3,3,3,8,8,8,8,8,8,8,8,8,8,8,8,8,8,8,8,15,15,15,15,15,15,15,15,13,13,13,13,13,13,13,13,17,17,17,17,17,17,17,17,12,12,12,12,12,12,12,12,3,3,3,3,3,3,3,3,0
0,0,1,2,2,1,0,0,13,13,13,14,13,11,8,8,29,30,31,32,30,25,20,19,36,36,40,44,42,36,31,30,32,33,38,44,44,38,33,32,19,20,27,33,34,31,27,26,8,9,13,18,19,15,12,11,0,0,4,7,7,4,0,0,0
0,0,0,0,0,0,0,0,3,3,3,3,3,3,3,3,8,8,8,8,8,8,8,8,9,9,9,9,9,9,9,9,7,7,7,7,7,7,7,7,5,5,5,5,5,5,5,5,2,2,2,2,2,2,2,2,0,0,0,0,0,0,0,0,0
2,3,10,20,22,22,19,8,5,6,16,28,38,47,45,30,13,27,40,53,55,50,41,20,31,58,66,58,42,32,27,6,38,59,57,45,29,24,22,8,28,43,37,29,21,15,12,7,20,27,18,14,13,7,3,1,4,9,3,9,12,9,4,1,0
2,6,14,13,28,79,83,13,2,6,7,25,79,98,34,20,6,10,25,71,106,25,69,28,5,22,65,108,37,61,42,9,18,63,109,60,60,65,32,8,22,77,43,56,55,28,19,8,32,52,46,60,23,8,16,8,19,45,56,29,12,10,9,3,0
124,4,9,12,10,8,7,20,117,8,14,11,7,5,10,16,23,60,8,7,6,7,14,15,22,125,12,9,2,8,13,12,25,99,16,11,11,4,20,4,12,60,17,5,8,5,16,12,213,102,11,14,13,8,22,9,7,133,33,36,23,44,99,64,0
0,0,0,0,0,0,0,0,0,0,0,0,0,0,0,0,0,0,0,0,0,0,0,0,0,0,0,0,0,0,0,0,0,0,0,0,0,0,0,0,0,0,0,0,0,0,0,0,0,0,0,0,0,0,0,0,0,0,0,0,0,0,0,0,0
0,1,4,13,22,31,14,0,11,13,17,28,36,42,24,11,24,28,33,46,53,55,37,24,23,29,37,46,48,44,30,19,18,25,35,39,37,31,21,13,12,18,27,26,22,15,9,6,5,11,20,19,16,9,5,2,0,6,15,15,12,6,2,0,0
7,9,14,8,7,19,28,10,7,19,17,10,23,50,66,40,10,28,28,35,66,89,63,23,21,40,50,77,93,60,37,24,20,56,89,89,35,46,72,43,39,87,64,30,53,80,74,37,27,47,27,48,69,77,52,13,6,17,22,42,59,46,22,4,0
3,29,30,16,4,6,2,0,18,44,45,29,6,9,16,15,27,54,64,54,32,16,6,6,21,46,69,73,58,44,21,2,5,20,51,71,63,57,40,10,13,16,23,48,49,50,49,21,16,30,18,28,35,34,40,18,2,17,8,23,31,26,26,3,0
9,26,23,28,24,37,21,38,12,5,13,21,13,80,75,23,6,2,20,16,15,37,12,8,10,7,6,37,37,6,3,2,6,12,35,38,9,5,6,7,12,54,64,14,6,8,8,13,78,98,19,9,7,7,9,9,77,9,7,33,42,27,13,8,0
13,8,12,5,5,5,1,5,8,14,34,4,3,4,3,3,8,8,4,11,8,5,14,8,8,48,7,3,6,5,3,15,4,5,10,7,4,4,10,5,61,4,6,4,5,7,6,9,20,6,6,31,51,54,40,76,33,50,22,10,13,5,3,6,0
7,86,132,114,35,48,43,11,35,111,150,127,43,57,51,12,26,91,110,78,79,127,129,85,35,86,84,44,119,159,136,71,36,68,63,37,122,135,89,14,17,35,45,56,123,133,88,17,7,11,31,68,108,112,80,31,2,8,31,68,90,75,41,2,0
0,0,0,0,0,0,0,0,0,0,0,0,0,0,0,0,0,0,0,0,0,0,0,0,0,0,0,0,0,0,0,0,0,0,0,0,0,0,0,0,0,0,0,0,0,0,0,0,0,0,0,0,0,0,0,0,0,0,0,0,0,0,0,0,0
0,0,0,0,0,0,0,0,0,0,0,0,0,0,0,0,0,0,0,0,0,0,0,0,0,0,0,0,0,0,0,0,0,0,0,0,0,0,0,0,0,0,0,0,0,0,0,0,0,0,0,0,0,0,0,0,0,0,0,0,0,0,0,0,0
0,0,0,0,0,0,0,0,0,0,0,0,0,0,0,0,0,0,0,0,0,0,0,0,0,0,0,0,0,0,0,0,0,0,0,0,0,0,0,0,0,0,0,0,0,0,0,0,0,0,0,0,0,0,0,0,0,0,0,0,0,0,0,0,0
0,0,0,0,0,0,0,0,0,0,0,0,0,0,0,0,0,0,0,0,0,0,0,0,0,0,0,0,0,0,0,0,0,0,0,0,0,0,0,0,0,0,0,0,0,0,0,0,0,0,0,0,0,0,0,0,0,0,0,0,0,0,0,0,0
0,0,0,0,0,0,0,0,0,0,0,0,0,0,0,0,0,0,0,0,0,0,0,0,0,0,0,0,0,0,0,0,0,0,0,0,0,0,0,0,0,0,0,0,0,0,0,0,0,0,0,0,0,0,0,0,0,0,0,0,0,0,0,0,0
0,0,0,0,0,0,0,0,0,0,0,0,0,0,0,0,0,0,0,0,0,0,0,0,0,0,0,0,0,0,0,0,0,0,0,0,0,0,0,0,0,0,0,0,0,0,0,0,0,0,0,0,0,0,0,0,0,0,0,0,0,0,0,0,0
0,0,0,0,0,0,0,0,0,0,0,0,0,0,0,0,0,0,0,0,0,0,0,0,0,0,0,0,0,0,0,0,0,0,0,0,0,0,0,0,0,0,0,0,0,0,0,0,0,0,0,0,0,0,0,0,0,0,0,0,0,0,0,0,0
5,45,54,14,7,22,16,1,5,45,54,14,7,22,16,1,5,45,54,14,7,22,16,1,5,45,54,14,7,22,16,1,5,45,54,14,7,22,16,1,5,45,54,14,7,22,16,1,5,45,54,14,7,22,16,1,5,45,54,14,7,22,16,1,0
8,39,80,43,76,26,8,2,42,83,127,86,118,53,14,6,29,70,104,60,101,69,40,12,33,70,97,55,64,51,60,18,30,71,89,51,57,19,54,28,39,73,99,75,70,19,38,35,70,102,153,147,110,71,33,24,10,15,32,39,40,67,32,4,0
45,79,25,32,42,31,36,18,41,26,33,33,36,43,70,37,6,16,29,11,8,11,79,67,38,59,27,9,7,20,123,82,42,56,41,33,31,26,138,65,38,46,49,60,42,41,155,72,15,17,14,25,44,64,138,48,16,20,15,12,24,50,117,28,0
2,18,4,5,5,9,28,13,13,18,10,17,14,32,40,15,10,10,9,15,37,24,14,11,8,8,17,26,51,7,8,15,17,22,40,38,28,10,10,15,31,38,42,20,13,16,12,10,21,25,21,6,8,18,9,12,4,5,8,5,1,13,5,4,0
0,0,0,0,0,0,0,0,0,0,0,0,0,0,0,0,0,0,0,0,0,0,0,0,0,0,0,0,0,0,0,0,0,0,0,0,0,0,0,0,0,0,0,0,0,0,0,0,0,0,0,0,0,0,0,0,0,0,0,0,0,0,0,0,0
3,3,2,10,14,14,26,9,6,10,4,15,25,33,48,26,12,20,14,14,23,35,56,36,21,35,33,12,11,20,45,34,36,59,63,44,33,23,27,23,41,75,77,67,54,40,23,12,35,67,57,54,45,36,17,4,22,42,13,15,12,13,7,1,0
0,4,12,14,11,7,2,0,1,5,14,16,12,9,6,4,3,8,16,18,14,12,9,8,6,11,19,19,12,7,5,4,9,13,22,22,13,8,7,6,12,16,26,27,18,14,14,14,5,10,19,20,12,7,7,7,0,4,13,14,6,1,0,0,0
0,0,0,0,0,0,0,0,0,0,0,0,0,0,0,0,0,0,0,0,0,0,0,0,0,0,0,0,0,0,0,0,0,0,0,0,0,0,0,0,0,0,0,0,0,0,0,0,0,0,0,0,0,0,0,0,0,0,0,0,0,0,0,0,0
13,2,5,13,10,1,1,2,48,42,42,39,20,3,3,7,39,57,56,62,45,13,5,12,16,46,44,66,61,34,15,11,5,26,27,50,56,54,34,12,8,11,19,27,35,58,49,20,12,6,15,12,15,41,41,26,9,5,6,7,1,13,15,11,0
0,14,28,36,36,28,15,0,10,24,39,50,52,45,31,15,11,23,37,49,55,50,38,23,4,14,24,35,43,42,33,19,13,24,35,42,43,35,22,8,12,25,39,47,46,36,24,14,6,21,35,42,39,28,18,11,0,15,27,32,24,12,4,0,0
1,1,2,1,6,14,25,37,2,2,3,1,11,38,49,52,3,2,5,6,21,64,44,59,9,5,10,13,41,76,27,58,19,15,19,28,63,68,14,49,28,28,29,45,74,42,10,35,24,29,30,46,59,15,10,22,1,5,6,16,23,2,10,21,0
0,2,15,28,28,15,2,0,0,2,15,27,27,15,2,0,0,2,15,27,27,15,2,0,0,2,15,28,28,15,2,0,0,2,15,28,28,15,2,0,0,2,15,27,27,15,2,0,0,2,15,27,27,15,2,0,0,2,15,28,28,15,2,0,0
18,10,16,5,2,3,8,9,63,60,27,9,11,7,14,31,59,111,29,17,13,18,12,56,45,96,85,20,13,15,9,43,41,59,110,46,12,13,7,41,37,39,81,108,42,18,33,87,28,28,53,98,97,51,60,88,4,3,13,17,36,7,7,20,0
36,5,8,6,5,7,23,21,65,4,13,6,4,4,28,26,58,24,11,6,3,8,18,19,33,55,6,9,3,25,15,46,21,81,8,7,10,21,9,48,28,82,43,11,15,23,27,32,29,53,106,59,36,26,31,84,11,13,34,38,21,16,28,26,0
0,20,24,17,10,5,2,0,4,24,25,17,12,13,16,14,3,27,27,18,18,24,24,14,3,30,31,28,30,28,15,2,10,37,42,39,32,19,6,1,6,32,52,50,32,11,1,2,8,17,43,54,43,23,11,5,0,9,30,40,31,15,6,0,0
0,0,0,0,0,0,0,0,0,0,0,0,0,0,0,0,0,0,0,0,0,0,0,0,0,0,0,0,0,0,0,0,0,0,0,0,0,0,0,0,0,0,0,0,0,0,0,0,0,0,0,0,0,0,0,0,0,0,0,0,0,0,0,0,0
0,10,24,28,27,22,10,0,0,10,24,28,27,22,9,0,0,10,24,28,27,22,9,0,0,10,24,28,27,22,10,0,0,10,24,28,27,22,10,0,0,10,24,28,27,22,9,0,0,10,24,28,27,22,9,0,0,10,24,28,27,22,10,0,0
0,3,8,12,11,6,2,0,0,3,8,12,11,6,3,0,0,3,8,12,11,6,3,0,0,3,8,12,11,6,2,0,0,3,8,12,11,6,2,0,0,3,8,12,11,6,3,0,0,3,8,12,11,6,3,0,0,3,8,12,11,6,2,0,0
7,24,46,34,27,25,17,12,20,35,52,28,25,41,29,19,3,11,23,40,62,89,56,29,5,11,23,54,75,85,49,20,8,21,41,69,85,88,50,20,24,42,67,88,91,78,37,7,23,44,74,87,85,66,37,15,10,34,65,66,55,31,15,3,0
1,4,8,7,28,47,43,6,2,5,13,15,40,61,53,14,4,8,22,31,64,90,72,28,6,14,34,44,79,99,70,28,10,23,48,54,86,91,49,12,9,23,48,49,78,74,31,3,3,15,35,29,55,50,16,1,0,11,28,19,43,37,9,0,0
31,4,1,4,12,15,14,38,43,21,11,9,12,17,37,30,49,30,12,9,8,28,40,22,58,52,20,16,7,34,32,64,48,110,19,29,14,33,29,78,34,112,64,24,26,30,83,67,26,69,102,41,15,53,109,40,6,17,32,22,12,24,37,3,0
5,6,13,22,9,19,16,43,1,10,15,4,10,18,17,13,5,4,7,10,5,67,14,7,10,6,5,11,77,8,12,11,3,18,7,129,11,20,11,13,14,19,132,19,12,20,21,13,7,174,13,16,6,24,7,5,175,8,19,12,12,12,5,14,0
0,14,31,46,47,34,17,0,2,16,34,48,49,36,18,2,11,27,46,61,61,47,28,12,20,37,58,74,74,58,39,22,20,38,59,75,74,57,38,22,11,29,49,63,61,45,26,12,2,20,39,51,48,32,15,2,0,19,37,49,46,30,13,0,0
5,5,15,10,10,9,5,3,13,15,21,13,12,12,7,5,30,33,34,18,16,17,10,10,37,44,46,26,21,21,13,11,36,47,56,35,26,23,15,11,27,38,53,33,22,20,14,8,9,17,39,21,8,11,10,3,0,6,32,14,0,6,8,1,0
0,1,10,19,19,10,1,0,0,2,10,19,19,10,2,0,3,4,13,22,22,13,4,3,6,7,16,24,24,16,7,6,6,7,16,24,24,16,7,6,3,4,13,22,22,13,4,3,0,2,10,19,19,10,2,0,0,1,10,19,19,10,1,0,0
0,1,2,7,14,13,4,0,15,15,16,18,23,19,9,3,35,34,33,33,34,28,14,7,31,33,38,42,45,37,17,7,20,26,37,47,54,44,19,7,2,11,30,46,59,50,21,6,0,10,29,45,57,48,17,3,0,10,29,44,55,45,15,0,0
0,4,11,11,4,1,0,0,0,4,12,12,5,1,1,1,2,6,13,14,9,5,5,5,4,8,15,17,12,10,9,9,4,8,16,18,14,11,9,9,2,7,17,19,13,8,6,5,0,6,18,20,12,6,2,1,0,6,18,20,12,6,2,0,0
0,15,33,27,21,15,6,0,21,33,49,37,29,23,11,2,33,43,54,36,29,32,18,8,32,38,45,26,25,43,30,19,21,27,36,37,49,73,54,37,46,52,59,58,67,86,62,42,39,45,53,49,56,73,48,27,0,8,18,14,22,43,19,0,0
19,35,46,36,42,43,29,6,30,50,48,48,70,45,13,4,6,17,49,82,60,23,13,5,29,71,68,41,20,14,18,10,20,42,18,18,21,18,14,7,60,82,67,47,40,32,23,10,11,27,53,85,104,82,39,9,48,53,59,46,28,51,60,30,0
9,59,54,31,86,68,13,6,19,84,76,42,106,83,27,20,18,85,65,53,127,73,16,14,45,118,124,101,129,55,9,11,55,103,144,97,71,38,20,7,51,66,101,80,37,33,31,13,46,56,87,101,77,60,37,19,6,14,29,35,29,36,20,5,0
0,9,6,2,18,13,6,0,2,10,8,4,20,14,7,1,11,20,18,14,30,23,16,9,21,30,29,25,40,32,25,16,21,30,29,25,40,32,26,16,11,19,18,14,29,22,19,9,2,9,8,4,19,12,11,1,0,7,6,2,17,10,10,0,0
9,18,4,31,78,83,34,7,23,36,22,19,84,143,105,44,15,29,42,35,26,72,125,52,29,35,49,62,48,29,78,60,33,32,38,51,43,37,21,58,12,16,7,18,27,44,35,10,6,21,24,19,24,47,56,41,7,15,21,11,7,22,23,12,0
0,1,8,15,15,8,1,0,0,1,8,15,15,8,2,1,2,3,9,16,17,11,5,4,3,4,11,18,18,13,8,7,3,4,11,17,18,13,8,7,2,2,8,14,14,9,5,4,0,1,6,11,11,6,1,1,0,1,6,11,11,6,1,0,0
0,5,16,20,19,13,4,0,35,40,50,57,59,55,46,42,33,36,44,49,50,46,36,31,14,19,28,36,41,38,27,21,14,21,34,43,48,44,31,24,36,42,54,60,58,50,34,26,42,45,52,54,51,42,27,20,0,3,10,15,18,15,5,0,0
19,61,75,52,19,13,16,12,13,26,57,69,35,9,7,5,3,5,14,39,44,14,14,7,1,4,9,34,54,41,18,4,1,5,4,21,61,78,48,4,7,8,12,17,33,68,70,17,4,6,3,9,27,49,51,13,8,16,15,8,13,27,32,4,0
0,0,14,34,44,38,19,0,9,12,27,48,60,53,31,9,28,37,53,77,90,81,55,26,34,47,60,84,100,93,67,34,27,42,48,70,90,90,68,33,17,34,34,53,76,79,60,24,6,23,19,35,57,61,44,8,0,17,11,26,47,52,36,0,0
2,10,7,8,20,32,3,4,34,40,37,21,44,43,2,5,53,56,42,33,60,21,16,3,26,6,13,51,48,12,11,7,39,90,77,61,30,9,11,7,37,97,78,49,28,19,18,6,38,86,23,30,30,26,26,6,21,70,12,5,1,6,21,4,0
0,9,19,27,23,9,0,0,1,10,20,28,23,9,1,1,10,18,28,34,26,12,5,4,18,26,35,40,29,16,9,8,18,27,37,42,30,17,9,8,10,20,32,40,31,17,7,4,1,13,27,38,33,16,5,1,0,12,26,38,33,16,4,0,0
0,2,7,9,8,6,2,0,3,5,10,13,16,16,15,14,8,11,17,22,27,30,30,30,14,18,26,33,39,42,41,41,14,20,32,41,44,44,38,35,12,18,30,37,37,33,23,19,6,12,25,30,29,23,12,6,0,6,19,24,23,17,6,0,0
0,0,0,0,0,0,0,0,0,0,0,0,0,0,0,0,0,0,0,0,0,0,0,0,0,0,0,0,0,0,0,0,0,0,0,0,0,0,0,0,0,0,0,0,0,0,0,0,0,0,0,0,0,0,0,0,0,0,0,0,0,0,0,0,0
0,9,26,32,25,16,5,0,33,42,59,63,54,42,26,19,77,86,104,106,94,77,56,46,88,98,120,128,122,107,83,71,81,93,117,130,130,118,94,82,58,70,94,110,117,110,89,78,25,35,55,68,73,65,44,34,0,9,26,37,40,31,10,0,0
20,44,6,19,34,5,6,9,33,62,15,42,34,10,27,25,24,79,36,40,13,17,22,8,13,66,61,33,12,15,21,16,21,20,48,53,55,35,41,30,7,33,33,30,41,50,37,41,26,36,56,60,38,34,34,16,14,16,23,30,19,23,24,10,0
0,0,0,0,0,0,0,0,0,0,0,0,0,0,0,0,0,0,0,0,0,0,0,0,0,0,0,0,0,0,0,0,0,0,0,0,0,0,0,0,0,0,0,0,0,0,0,0,0,0,0,0,0,0,0,0,0,0,0,0,0,0,0,0,0
2,6,2,9,33,29,23,8,18,22,21,23,63,65,59,41,35,38,34,50,70,49,69,52,45,48,54,74,53,86,149,111,27,52,88,63,92,137,132,74,34,87,66,74,115,89,53,19,49,71,52,96,61,27,17,4,11,31,43,47,13,13,12,1,0
0,1,6,10,10,6,1,0,1,2,7,12,12,7,2,2,4,4,10,15,15,10,5,5,9,10,15,20,20,15,10,9,17,18,22,27,27,22,16,16,16,16,21,25,25,20,15,14,5,6,10,15,15,10,5,5,0,1,5,10,10,5,1,0,0
0,0,0,0,0,0,0,0,0,0,0,0,0,0,0,0,0,0,0,0,0,0,0,0,0,0,0,0,0,0,0,0,0,0,0,0,0,0,0,0,0,0,0,0,0,0,0,0,0,0,0,0,0,0,0,0,0,0,0,0,0,0,0,0,0
0,0,0,0,0,0,0,0,0,0,0,0,0,0,0,0,0,0,0,0,0,0,0,0,0,0,0,0,0,0,0,0,0,0,0,0,0,0,0,0,0,0,0,0,0,0,0,0,0,0,0,0,0,0,0,0,0,0,0,0,0,0,0,0,0
0,23,55,19,20,35,51,10,49,74,114,84,64,54,55,10,24,52,94,85,69,60,57,15,53,52,40,12,16,24,28,7,95,105,94,79,71,50,40,26,73,83,78,86,91,89,73,36,28,33,34,44,51,64,72,28,2,5,5,11,13,22,45,9,0
1,21,13,11,12,9,11,1,6,27,26,31,38,38,40,30,13,35,42,54,68,73,75,66,15,28,25,28,37,46,48,39,22,36,31,31,31,35,36,27,32,59,62,66,48,41,39,29,15,41,34,43,27,21,21,13,2,25,9,23,10,4,6,0,0
7,6,4,2,9,22,22,13,5,11,14,4,22,32,27,41,12,6,6,40,42,8,16,48,10,4,8,22,11,8,3,6,23,24,7,6,9,4,4,7,23,36,14,52,11,8,9,10,7,10,11,15,5,15,6,7,8,4,7,7,29,1,11,14,0
51,54,23,9,4,11,133,30,156,117,43,20,7,17,202,26,203,12,8,13,7,15,101,105,74,15,7,13,8,22,21,205,26,14,8,7,9,36,17,159,31,18,14,4,13,43,14,75,27,20,17,16,19,43,5,29,12,14,9,6,6,14,2,3,0
0,12,19,15,6,28,26,0,8,20,25,17,9,33,31,5,9,22,31,22,16,43,43,17,6,20,32,26,28,59,60,31,11,23,34,28,45,77,73,39,20,33,38,26,60,86,73,35,20,37,38,19,60,76,55,20,0,21,23,5,40,49,29,0,0
0,1,11,20,20,11,1,0,4,5,15,24,24,15,5,4,12,13,23,32,32,23,13,12,13,14,23,33,33,24,14,13,6,7,16,26,26,17,8,7,2,3,12,21,22,13,4,3,1,2,11,20,20,11,2,1,0,1,10,19,19,10,1,0,0
4,24,10,17,6,15,19,13,24,46,32,39,11,16,20,16,50,74,61,69,21,18,23,20,48,80,66,81,47,31,27,32,37,74,61,81,61,40,33,38,20,56,46,67,62,46,40,40,9,31,24,40,33,22,24,24,1,13,9,19,11,3,11,11,0
0,7,7,18,42,51,34,0,13,20,18,39,61,60,34,0,20,35,39,58,69,54,28,5,20,49,64,69,59,33,17,12,30,60,70,60,36,12,11,11,19,50,60,43,19,5,5,5,7,39,48,28,8,3,2,1,0,32,40,19,3,2,1,0,0
4,10,8,6,29,30,16,9,21,28,29,34,58,75,83,77,13,21,32,41,53,82,97,70,18,36,51,52,64,91,88,36,41,59,56,51,62,76,65,17,25,28,21,26,34,44,35,7,10,12,12,23,36,41,23,9,2,6,8,19,39,37,13,2,0
0,9,19,13,12,16,7,0,0,9,19,13,12,15,7,0,0,9,19,13,12,15,7,0,0,9,19,13,12,16,7,0,0,9,19,13,12,16,7,0,0,9,19,13,12,15,7,0,0,9,19,13,12,15,7,0,0,9,19,13,12,16,7,0,0
5,19,25,20,15,16,12,2,31,48,53,42,32,33,30,22,40,65,73,59,44,43,39,31,45,74,85,68,47,40,31,19,38,71,87,75,53,43,32,20,25,60,84,84,61,44,28,16,27,55,84,102,92,71,48,32,5,21,43,63,64,48,26,7,0
6,7,27,20,13,5,18,10,8,9,28,21,14,6,19,11,19,19,37,30,18,9,26,20,31,28,45,38,23,12,32,28,30,29,44,39,23,11,33,28,18,21,34,33,20,8,28,20,6,13,24,26,17,4,23,11,4,11,23,25,17,3,22,10,0
7,14,15,5,4,21,7,32,8,18,15,12,25,60,27,31,12,19,14,30,60,84,39,31,19,19,20,60,98,80,44,30,33,30,68,105,102,46,66,20,45,46,97,111,63,45,55,21,38,38,78,73,30,44,37,15,17,11,26,12,14,35,21,1,0
0,1,6,11,11,6,1,0,3,3,9,14,14,9,3,3,7,7,13,18,18,13,7,7,13,14,19,25,25,20,14,13,18,18,24,30,30,24,19,18,21,22,27,33,33,27,22,21,9,10,16,21,21,16,10,9,0,1,6,12,12,6,1,0,0
31,21,49,28,24,39,24,40,92,131,19,15,14,89,44,102,11,20,7,44,15,15,147,101,16,7,6,28,10,7,12,22,12,12,32,54,24,46,8,33,31,30,91,113,10,25,4,12,55,115,22,34,46,122,8,8,11,9,6,15,31,34,41,58,0
0,4,3,3,6,5,5,1,3,6,4,4,6,6,7,3,16,18,12,6,7,12,17,14,30,30,19,7,8,19,27,24,30,31,20,8,8,19,27,24,17,23,14,7,7,12,16,13,4,14,9,6,6,6,5,3,2,13,8,6,6,5,3,1,0
0,3,23,44,44,23,3,0,2,5,25,45,46,26,7,3,5,9,29,49,50,31,13,10,6,9,28,47,48,31,14,11,5,7,24,40,40,25,9,6,3,5,20,35,35,20,5,3,1,3,18,33,33,18,3,1,0,2,17,32,32,17,2,0,0
0,2,1,2,7,15,5,0,2,4,2,2,7,16,7,2,17,17,9,4,7,21,19,17,31,29,16,6,8,27,30,31,32,30,17,6,7,25,30,31,18,21,12,5,5,15,16,17,4,12,7,4,4,6,3,3,2,11,7,4,3,4,0,0,0
4,4,4,4,4,4,4,4,34,34,34,34,34,34,34,34,29,29,29,29,29,29,29,29,21,21,21,21,21,21,21,21,4,4,4,4,4,4,4,4,9,9,9,9,9,9,9,9,24,24,24,24,24,24,24,24,4,4,4,4,4,4,4,4,0
0,1,5,10,10,5,1,0,0,1,5,10,10,5,1,0,0,1,5,10,10,5,1,0,0,1,5,10,10,5,1,0,0,1,5,10,10,5,1,0,0,1,5,10,10,5,1,0,0,1,5,10,10,5,1,0,0,1,5,10,10,5,1,0,0
6,18,18,12,13,13,7,8,20,39,54,57,47,57,48,45,20,27,44,63,50,68,70,54,18,17,21,39,31,43,65,52,23,18,13,26,23,30,50,46,22,16,11,18,21,24,40,36,16,10,10,5,11,15,26,23,7,6,9,2,4,3,10,7,0
0,7,7,1,2,0,8,2,3,9,8,2,2,2,9,4,17,19,13,5,6,9,18,17,30,29,18,9,10,17,27,31,30,28,17,10,10,17,26,30,17,16,11,10,8,11,15,16,3,4,4,10,5,6,4,3,0,2,3,10,5,5,3,0,0
0,1,8,15,15,8,1,0,0,1,8,15,16,9,1,0,0,2,9,17,17,10,3,2,1,2,10,19,19,12,5,4,1,2,11,20,20,13,5,4,0,2,11,20,20,12,3,2,0,1,11,20,20,11,2,0,0,1,11,20,20,11,1,0,0
18,10,8,3,17,17,10,8,27,28,20,15,17,17,24,8,43,36,20,30,29,19,30,6,32,61,42,25,21,15,33,15,18,49,51,56,54,32,24,17,31,30,23,20,28,52,33,10,22,31,25,35,46,18,38,14,8,14,7,17,21,29,21,23,0
4,14,10,8,2,0,10,6,4,14,10,8,2,0,10,5,4,14,10,8,2,0,10,5,4,14,10,8,2,0,10,6,4,14,10,8,2,0,10,6,4,14,10,8,2,0,10,5,4,14,10,8,2,0,10,5,4,14,10,8,2,0,10,6,0
11,83,102,30,72,24,16,21,66,88,49,30,43,34,33,33,103,55,46,56,48,50,49,45,50,49,62,40,29,43,18,13,94,54,25,40,38,47,64,49,136,116,50,18,12,13,17,11,61,204,166,68,38,44,87,30,105,77,80,48,46,38,47,17,0
9,3,3,4,3,8,2,6,13,7,6,6,3,10,5,9,37,29,23,17,3,21,23,31,61,50,41,29,2,32,40,52,61,50,40,29,2,31,40,52,38,28,22,19,3,18,22,31,16,5,5,8,3,6,4,10,12,2,2,7,3,4,1,7,0
1,24,22,17,14,15,16,1,1,24,22,17,14,15,16,1,1,24,22,17,14,15,16,1,1,24,22,17,14,15,16,1,1,24,22,17,14,15,16,1,1,24,22,17,14,15,16,1,1,24,22,17,14,15,16,1,1,24,22,17,14,15,16,1,0
10,13,10,12,20,25,11,4,34,41,37,33,33,27,16,7,28,34,42,53,55,48,38,23,24,26,35,42,48,54,45,28,21,23,13,28,35,48,41,11,17,45,25,22,32,41,39,8,24,67,44,16,32,52,45,16,8,59,49,19,20,43,38,8,0
